"DESCRIPTION","DURATION IN MS","NAME","PARENT SUITE","START TIME","STATUS","STOP TIME","SUB SUITE","SUITE","TEST CLASS","TEST METHOD"
"","2237","Verify user can use Patch api to update details with valid token","chromium","2026-08-08","passed","2026-08-08","","patch_request_api.spec.js","",""
"","4326","DELETE Booking - Verify user can delete booking with valid authentication token","chromium","2026-08-08","passed","2026-08-08","","delete_request_api.spec.js","",""
"","1810","Verify that user can creat a booking ticket using Static JSON file","chromium","2026-08-08","passed","2026-08-08","","post_request_api_03.spec.js","",""
"","602","Verify that user can get query parameters","chromium","2026-08-08","passed","2026-08-08","","query_parameters.spec.js","",""
"","347","Verify that user can creat a booking ticket","chromium","2026-08-08","passed","2026-08-08","","post_request_api.spec.js","",""
"","1738","Verify that user can update/put details with valid","chromium","2026-08-08","passed","2026-08-08","","put_request_api.spec.js","",""
"","1750","Verify that user can getting booking details","chromium","2026-08-08","passed","2026-08-08","","get_request_api.spec.js","",""
"","1288","Verify that user can creat a booking ticket using Static JSON file","chromium","2026-08-08","passed","2026-08-08","","post_request_api_01.spec.js","",""
"","1355","Verify that user can creat a booking ticket using dynamic data","chromium","2026-08-08","passed","2026-08-08","","post_request_api_02.spec.js","",""
